source,headline,author,url,published,keywords,content_snippet,url_hash,full_content,matched_tags,status,method
The Verge,Rivian is building its own powerful AI chips for autonomous driving,Andrew J. Hawkins,https://www.theverge.com/news/842213/rivian-ai-autonomous-chip-specs,2025-12-11T17:20:00+00:00,[],"is transportation editor with 10+ years of experience who covers EVs, public transportation, and aviation. His work has appeared in The New York Daily News and City & State.

Posts from this author wi",3648febb2110bec413c9348605b5dce7f2c16289aa99076a09c8779cb9513c89,"is transportation editor with 10+ years of experience who covers EVs, public transportation, and aviation. His work has appeared in The New York Daily News and City & State.

Posts from this author will be added to your daily email digest and your homepage feed.

Rivian announced that it was designing its own AI chips for fully autonomous driving, in a bold — if belated — move to catch up with Tesla and other automakers that have working on the technology for far longer.

At an “AI and Autonomy” event at the company’s office in Silicon Valley on Thursday, Rivian unveiled its own proprietary silicon chip, as well as a number of forthcoming autonomous features that it says will enable it to eventually sell Level 4 autonomous vehicles to customers. That includes equipping the company’s upcoming R2 vehicles with lidar sensors.

Rivian also said it will launch a new AI-powered voice assistant as well as a foundational “Large Driving Model” trained similarly to large language models like OpenAI’s ChatGPT that will “distill superior driving strategies from massive datasets into the vehicle.” And it said it would wrap everything up in an Autonomy Plus subscription service for a new potentially lucrative revenue stream for the company.

“Large Driving Model”

With sales expected to slow in the wake of the expiration of the $7,500 federal EV tax credit, Rivian is under pressure from investors to demonstrate a plan to compete with Tesla and other big names in autonomous vehicles. The company is still losing billions of dollars a year, despite its efforts to rein in costs and software advances thanks to a $5 billion tie-up with Volkswagen. Rivian reported its first positive gross profit earlier this year.

At the event, Rivian CEO RJ Scaringe said that the company was at an “inflection point” and that today’s announcement was about “being able to give customers their time back when in the car.”

Previous Next







1 / 5

The centerpiece of this new effort is the tiny chip, 5 nanometers, called the Rivian Autonomy Processor. The company says that it “integrates processing and memory onto a single multi-chip module,” and is being used to power the company’s third generation computer. Rivian says the chip’s architecture will deliver “advanced levels of efficiency, performance, and Automotive Safety Integrity Level compliance,” referencing a risk classification system for safety-critical automotive electronics.

Rivian estimates its neural engine can perform 800 trillion operations a second (TOPS) while its third generation computer can do 1,600 trillion 8-bit integer operations per second (INT8 TOPS) while utilizing data sparsity. For comparison, Nvidia’s H100 class GPUs are quoted at 3,000-3,900 INT8 TOPS on datasheets with sparsity, while Google’s TPU v5e per-chip INT8 number is estimated 393 INT8 TOPS. (Google recently announced its seventh-generation TPUs capable of over 40 exaflops in clustered pods.)

Rivian estimates its AI chip can perform 1,600 trillion 8-bit integer operations per second (INT8 TOPS) while utilizing data sparsity.

It has a processing power of 5 billion pixels per second. And it features RivLink, a low latency interconnect technology that allows chips to be connected to multiply processing power. The processor is also enabled by an in-house developed AI compiler and platform software.

Most notably, the announcement of the proprietary silicon aligns Rivian with Tesla, the other major automaker that has been trying to brute-force its way to self-driving cars by making its own chips, while the rest of the auto industry increasingly lines up behind Nvidia. Rivian is an EV-only manufacturer, just like Tesla, and has said that vertical integration is a key element to its future growth.

Rivian will use a variety of sensors to power its autonomous driving, including lidar. The company plans on integrating lidar into its upcoming R2 vehicles to help with redundancy and improved real-time driving. Waymo and other robotaxis use lidar to create 3D maps of their environment, while Tesla famously does not. Some automakers have said they would use lidar in future production vehicles, but that turned out to be easier said than done. Volvo, for example, recently dropped lidar for its EX90 SUV.

Previous Next







1 / 5

Rivian also outlined a series of advanced features coming to its cars in the future, including hands-free driver assist, also known as Level 2 Plus, and eyes-off driving, also known as Level 3. Early next year, Rivian plans on rolling out hands-free driving for its second-generation R1 vehicles that will function on 3.5 million miles of roads across the US and Canada — a big leap over the 135,000 miles it covered earlier this year. And the feature will be available on more than just highways. In a video, Rivian demonstrated its hands-free system on a variety of roads, including across the Golden Gate Bridge, up the steep hills of San Francisco, and along the Pacific Coast Highway.

Rivian is trying to catch up with automakers like Ford and GM, that have offered hands-free driving options for years, and are increasingly pushing more advanced forms of autonomous driving. Level 3 eyes-off driving is limited to a handful of models and is only useable in a couple states. Rivian plans on making its partially autonomous features available, either as a one-time upgrade of $2,500 or a monthly subscription of $49.99, starting in early 2026.

And no autonomy announcement would be complete without an AI-powered voice assistant. The Rivian Assistant will launch in both first- and second-generation R1 vehicles in early 2026. The assistant will be deeply embedded in the vehicle’s operations, and will pair with third-party apps like Google Calendar. Rivian says the assistant is designed in-house, but “augmented” by third-party models “for grounded data, natural conversation and powerful reasoning.”

All in all, it’s a grab-bag of announcements designed to better position Rivian in the race for autonomous driving. Most of its rivals have a huge head start, but Rivian has proven itself a scrappy and capable player, and there’s no reason to assume that it can’t eventually catch up to any of the big names, including Tesla.

Images from Rivian",[],success,html
The Verge,The AirPods Pro 3 just dropped below $200 for the first time,Brandon Russell,https://www.theverge.com/gadgets/842551/apple-airpods-pro-3-wireless-earbuds-deal-sale-2025,2025-12-11T17:10:00+00:00,[],"Posts from this author will be added to your daily email digest and your homepage feed.

Apple’s latest gadgets have gotten some notable discounts lately — including the recently released Apple Watch ",8690ceb4c5738e513a4f562a64c3abf8be83feca601911da51f56cd8cffd7b96,"Posts from this author will be added to your daily email digest and your homepage feed.

Apple’s latest gadgets have gotten some notable discounts lately — including the recently released Apple Watch Series 11, which is still on sale for $100 off at Amazon. Now, we’re seeing the AirPods Pro 3 drop down to their lowest price to date, with the noise-canceling earbuds going for just $199 ($50 off) at Amazon and Walmart.

Even without a discount, we highly recommend the AirPods Pro 3 for iPhone owners, as they integrate seamlessly with other Apple products for instant pairing, automatic device switching, and Find My support. The wireless earbuds are better than their predecessors in a myriad of ways, with better active noise cancellation, improved audio quality, and a more secure, comfortable fit. While they look similar to the last-gen model, the Pro 3 feature a new angled design, allowing them to fit more naturally into your ear canal. If you had fit issues with either of the previous models, the newer design should be a big improvement.

The ANC performance has also improved this time around. As noted in her review, senior reviewer Victoria Song put the feature to the test on a six-and-a-half-hour flight, finding that they completely eliminated the plane’s dull hum. They’re also great at dampening higher frequencies, such as voices, and deliver a richer listening experience overall. We noticed improved bass and more layers in the sound production of new and old favorites.

As for battery life, you can expect around eight hours with ANC enabled, while the included MagSafe charging case can extend your listening time up to 24 hours. The earbuds also feature an IP57 rating for dust and water resistance, along with a heart rate sensor, allowing iPhone owners to track calories burned during workouts. It’s a nice addition if you don’t use an Apple Watch; however, it may not be as useful for those who already own and rely on the Apple Watch for its health tracking and wellness features.

Verge Deals Sign up for Verge Deals to get deals on products we’ve tested sent to your inbox weekly. Email (required) Sign Up By submitting your email, you agree to our Terms and Privacy Notice . This site is protected by reCAPTCHA and the Google Privacy Policy and Terms of Service apply.",[],success,html
The Verge,Supergirl’s first trailer introduces the Woman of Tomorrow,Charles Pulliam-Moore,https://www.theverge.com/entertainment/842392/supergirl-trailer-warner-bros-dc-studios-james-gunn-release-date,2025-12-11T17:05:29+00:00,[],"is a reporter focusing on film, TV, and pop culture. Before The Verge, he wrote about comic books, labor, race, and more at io9 and Gizmodo for almost five years.

Posts from this author will be added",a22a1204ba2271e07225df7a161cab42009c929e886494253083e05b3038331e,"is a reporter focusing on film, TV, and pop culture. Before The Verge, he wrote about comic books, labor, race, and more at io9 and Gizmodo for almost five years.

Posts from this author will be added to your daily email digest and your homepage feed.

The first trailer for DC Studios’ Supergirl feature is finally here to give us a look at what the Woman of Tomorrow is made of.

Though Superman’s (technically) older cousin Kara Zor-El (Millie Alcock) was kind of a mess when we first met her, she’s trying to pull it together in Supergirl’s new trailer. The last daughter of Krypton needs her wits about her in order to help Ruthye Marye Knoll (Eve Ridley) — an young alien girl who’s looking for justice after her father is murdered by deep space pirate Krem of the Yellow Hills (Matthias Schoenaerts).

This first look opens with Supergirl celebrating her 23rd birthday, before getting pulled into some action that looks very Guardians of the Galaxy. She also neatly sets up the difference between her and her cousin. “He sees the good in everyone,” she says of Superman. “And I see the truth.” And yes, the dog makes an appearance.

Directed by Craig Gillespie, Supergirl is DC’s next big live-action tentpole as part of its new era, following James Gunn’s Superman, which hit theaters in July. Supergirl hits theaters on June 26th, 2026.",[],success,html
The Verge,Disney accuses Google of ‘massive’ copyright infringement following deal with OpenAI,Emma Roth,https://www.theverge.com/news/842573/disney-google-copyright-infringement-cease-and-desist,2025-12-11T17:02:06+00:00,[],"is a news writer who covers the streaming wars, consumer tech, crypto, social media, and much more. Previously, she was a writer and editor at MUO.

Posts from this author will be added to your daily ",cc0e5ef5db32b0fe67d399ade71258cc3250f8b332e7154c276b02da70c66a5e,"is a news writer who covers the streaming wars, consumer tech, crypto, social media, and much more. Previously, she was a writer and editor at MUO.

Posts from this author will be added to your daily email digest and your homepage feed.

Disney has accused Google of engaging in copyright infringement on a “massive scale,” claiming its AI models have generated content resembling characters from Frozen, Deadpool, Star Wars, and others, according to reports from Variety and Deadline. In a cease-and-desist letter sent on Wednesday, Disney demands that Google stop allegedly infringing on its copyrighted works.

Disney sent the notice just one day before announcing a billion-dollar deal with OpenAI, which will allow Sora AI users to create videos using more than 200 characters from Disney, Marvel, Pixar, and Star Wars. The AI-generated videos will also appear on Disney Plus, too, which CEO Bob Iger teased last month.

As reported by Deadline, Disney’s cease and desist notice calls out Google’s Gemini, Veo, Imagen, and Nano Banana AI models, accusing the company of “flooding the market with infringing works,” while “reaping enormous profits” as a result. It also claims Google has “refused” to implement safeguards against copyright infringement despite attempts to engage Google “for months,” according to Deadline. Google didn’t immediately respond to The Verge’s request for comment.

Disney similarly warned Character.AI over potential copyright infringement in September, leading the AI platform to pull Disney characters from its site. The entertainment giant is also suing the AI text-to-image generator Midjourney for allegedly copying some of its biggest characters.

“Google is infringing Disney’s copyrights on a massive scale, by copying a large corpus of Disney’s copyrighted works without authorization to train and develop generative artificial intelligence (‘AI’) models and services,” Disney’s letter says, according to Variety. “Disney will not tolerate the unauthorized commercial exploitation of its copyrighted characters and works by so-called AI services.”",[],success,html
The Verge,WhatsApp is trying to reinvent voicemail,Jess Weatherbed,https://www.theverge.com/news/842485/whatsapp-voice-mail-video-message-call-feature,2025-12-11T17:00:00+00:00,[],"Posts from this author will be added to your daily email digest and your homepage feed.

WhatsApp says it’s making “voicemails a thing of the past” by introducing a new feature that pretty much works ",746e63fea878377bc3944ab983bfb95d011142a961fa175becf2b829245b90b5,"Posts from this author will be added to your daily email digest and your homepage feed.

WhatsApp says it’s making “voicemails a thing of the past” by introducing a new feature that pretty much works like voicemail. Missed call messages are rolling out as part of WhatsApp’s latest feature drop, which makes it easier for you to leave voice or video notes in chats after you’ve called someone who doesn’t answer the phone.

When a contact misses your voice or video call, you’ll now be prompted to record a voice or video message (depending on the call type) without manually navigating to the microphone or camera options in the chat toolbar. WhatsApp doesn’t provide a traditional voicemail feature built into the actual calls, but these messages serve the same function. The platform is just leaning on its existing voice note and video recording features to provide a similar experience — one that missed call contacts will immediately see upon opening their chats.

This WhatsApp update is also adding additional features, including the ability to send reactions during voice chats, and a feature that automatically highlights whoever is speaking during video calls. Midjourney and Flux AI models are also now available in WhatsApp’s image generation tools, following Meta signing partnership deals with Midjourney and Black Forest Labs earlier this year.",[],success,html
The Guardian,Top Democrat on House homeland security committee calls for Kristi Noem to resign as protester interrupts meeting – US politics live,Lucy Campbell,https://www.theguardian.com/us-news/live/2025/dec/11/us-seizes-venezuela-tanker-democrats-republicans-donald-trump-latest-news,2025-12-11T00:00:00,[],"From 2h ago 15.24 GMT Top Democrat on House homeland security calls for Noem to resign Mississippi congressman Bennie Thompson, the top Democrat on the House homeland security committee, chastised DHS",99858c3c6d899442732dbf66686928890530996af64c5f39366f133369fc9c22,"From 2h ago 15.24 GMT Top Democrat on House homeland security calls for Noem to resign Mississippi congressman Bennie Thompson, the top Democrat on the House homeland security committee, chastised DHS secretary Kristi Noem in his opening remarks today and called for her resignation. “Rather than sitting here and wasting your time and ours more with more corruption, lies and lawlessness, I call on you to resign. Do a real service to the country and just resign,” the lawmaker said. “That is if president Trump doesn’t fire you first.” Earlier, Thompson said that under Noem’s direction the DHS has “illegally tased, maced, punched and even shot Americans, black and brown. Americans in particular have been racially profiled, detained and locked up and sometimes with tragic consequences”. Kristi Noem testifies before the House homeland security committee, 11 December 2025. Photograph: Anna Moneymaker/Getty Images Share Updated at 15.28 GMT

3m ago 17.35 GMT Ukraine holds talks with US on security guarantees under proposed peace deal, Zelenskyy says Over on our Europe live blog, my colleague Jakub Krupa has been covering the latest news that Volodymyr Zelenskyy has said a “constructive and in-depth discussion” has been taking place with the United States on security guarantees. The meeting was attended by US state secretary Marco Rubio, defence secretary Pete Hegseth, peace envoy Steve Witkoff, Trump’s son-in-law Jared Kushner, generals Keane and Grynkewich, commissioner Gruenbaum, as well as Nato secretary-general Mark Rutte. “We greatly value the active engagement of the American side at all levels – not only in working to end the war, but also in ensuring Ukraine’s security and preventing a new Russian invasion,” Zelenskyy said. He said the discussion “reflects the seriousness of America’s intentions and its clear focus on achieving outcomes.” “Security guarantees are among the most critical elements for all subsequent steps. We have already got the negative experience of the Budapest Memorandum. Everyone remembers this, as well as the occasions when Russia repeatedly violated all its other commitments. That is why it is essential that this document on security guarantees provides concrete answers to what concerns Ukrainians the most: what actions partners will take if Russia decides to launch its aggression again,” he explained. View image in fullscreen Volodymyr Zelenskyy at 10 Downing Street after meeting with Keir Starmer on 8 December. Photograph: Anadolu/Getty Images Separately, earlier Shaun Walker reported from Kyiv that the US is pushing Ukraine to withdraw its troops from the Donbas and create a “free economic zone” in the parts of the region Kyiv now controls. Previously, the US had suggested Ukraine should hand over the parts of Donbas it still controls to Russia, but now Washington has suggested a compromise version in which Ukrainian troops would withdraw, but Russian troops would not advance into this territory, said Zelenskyy. Zelenskyy said Ukraine did not believe the plan was fair without guarantees that Russian troops would not simply take over the zone after a Ukrainian withdrawal. He said if Ukraine did agree to such a scheme, there would need to be elections or a referendum to ratify it. US pushing Ukraine to withdraw from Donbas and create ‘free economic zone’, says Zelenskyy – Europe live Read more Share

12m ago 17.25 GMT Noem then left the hearing early for a meeting regarding Fema, she told members of Congress. Hecklers could be heard outside the room as she left. View image in fullscreen Kristi Noem leaving the hearing on Capitol Hill. Photograph: Elizabeth Frantz/Reuters Share Updated at 17.36 GMT

17m ago 17.21 GMT In an exchange that got quite fiery just now, Democrat LaMonica McIver said that “the greatest threat to the homeland right now is a Department of Homeland Security that the American people no longer trust”. Under Noem, McIver said, “the threat [to the United States] is coming from inside the building”. McIver listed actions taken by DHS under Noem including the systematic dismantling of oversight, the fueling of bigotry and the targeting of vulnerable communities, as breaking the trust between the department and the people. “Oversight is not optional,” McIver said. “Republicans on this committee may be willing to hand over their constitutional duty in order to kiss this administration’s butt cheeks – but I will not.” Under Noem, the New Jersey congresswoman went on, DHS had become “unproductive and malicious” and said the secretary is “deeply unqualified for the post you hold”. She later added that the Trump administration had turned the department into “a political weapon”. She later asked Noem if she agreed that using DHS resources to target members of Congress was an abuse of power, which Noem didn’t hear as she was talking about something else. McIver said she would’ve heard if she’d stopped talking for the question, to which Noem then said she was “talking crazy”. A reminder that McIver was charged with assaulting federal agents after a chaotic scuffle outside an immigration detention facility in Newark on 9 May. In her remarks to Noem, she also referred to the treatment of senator Alex Padilla who was forcibly removed from a press conference in Los Angeles in June and handcuffed after he tried to ask Noem a question about immigration enforcement in the city. Share Updated at 17.38 GMT

41m ago 16.56 GMT Almost a dozen House Republicans sign on to discharge petition for Obamacare extension Eleven House Republicans signed on to a discharge petition, sponsored by GOP representative Bryan Fitzpatrick of Pennsylvania and Maine Democrat Jared Golden. If the petition receives the required 218 signatures, it would force a vote on the House floor on legislation that extends the Affordable Care Act premium tax credits for two years, with new income limits. “If these protections expire, millions of Americans will be hit with premium increases they simply cannot afford, forcing impossible choices about their health, their finances, and their futures,” Fitzpatrick said. “They deserve a concrete solution now, not promises of one later.” Four Democrats have signed the petition so far, but in order to be successful most will have to sign on. According to Punchbowl News, the House’s top Democrat, Hakeem Jeffries, said that they’ll make a decision about the discharge petition after the Senate votes on dueling bills to determine the future of Affordable Care Act subsidies later today. Share

1h ago 16.38 GMT As Noem faces questions from lawmakers during the House homeland security committee, congressman Seth Magaziner chided the secretary for the arrest of several veterans and family members of service members. “These people are not the worst of the worst, a purple heart recipient, a military spouse, the father of three Marines,” he said. Another Democrat, New York representative Dan Goldman, played the widely shared video of an ICE officer pushing a woman to the floor at an immigration court in New York City. The officer was initially relieved of his duties, but Goldman said that he was reinstated “three days later”. “I sent you a letter and asked you what investigation was done and why was he reinstated. You did not answer that letter,” Goldman said. Noem insisted that the investigation was complete was “surprised” that the congressman’s office had not received a copy. “I’m going to ask my staff about that,” the secretary added. Share

2h ago 15.59 GMT Thompson and Noem are going back and forth on the asylum application of Rahmanullah Lakanwal, the 29-year-old Afghan national who has been charged with shooting two national guard members in DC, killing one of them. Lakanwal came to the US in September 2021 under an Operation Allies Welcome program that gave some Afghans who had worked for the US government entry visas to the US. Thompson said today that the suspect’s asylum application was approved by the Department of Homeland Security under Donald Trump. Noem, however, pushed back. “The asylum application moved forward under all of the information and vetting processes that were put in place under the Biden administration, which is when vetting happened, and that’s what President Trump has changed,” she said. Share

2h ago 15.47 GMT Federal judge orders release of Kilmar Ábrego García from immigration detention Marina Dunbar A federal court in Maryland has ordered the release of Kilmar Ábrego García from ICE custody on Thursday, and he will be advised on his release conditions in his separate Tennessee criminal case. The case of Ábrego, a Salvadorian national who was a construction worker in Maryland, has become a proxy for the partisan struggle over Donald Trump’s sweeping immigration policy and mass deportation agenda. View image in fullscreen Kilmar Ábrego García attends a protest rally at the ICE field office in Baltimore, Monday, 25 August 2025. Photograph: Stephanie Scarbrough/AP Trump administration officials have waged a relentless public relations campaign against Ábrego, repeatedly referring to him as a member of the MS-13 gang, among other things, despite the fact he has not been convicted of any crimes. His attorneys have denounced the criminal charges. Kilmar Ábrego García ordered released from ICE custody in fight over Trump immigration Read more Share

2h ago 15.26 GMT As Noem began speaking today, a heckler interrupted her, screaming “end the deportations”. The homeland security committee chair, representative Andrew Garbarino, called on the Capitol police to remove the disruptor. Share

2h ago 15.24 GMT Top Democrat on House homeland security calls for Noem to resign Mississippi congressman Bennie Thompson, the top Democrat on the House homeland security committee, chastised DHS secretary Kristi Noem in his opening remarks today and called for her resignation. “Rather than sitting here and wasting your time and ours more with more corruption, lies and lawlessness, I call on you to resign. Do a real service to the country and just resign,” the lawmaker said. “That is if president Trump doesn’t fire you first.” Earlier, Thompson said that under Noem’s direction the DHS has “illegally tased, maced, punched and even shot Americans, black and brown. Americans in particular have been racially profiled, detained and locked up and sometimes with tragic consequences”. View image in fullscreen Kristi Noem testifies before the House homeland security committee, 11 December 2025. Photograph: Anna Moneymaker/Getty Images Share Updated at 15.28 GMT

3h ago 14.58 GMT Homeland security secretary to appear before House committee In a short while Kristi Noem, the Department of Homeland Security secretary, will face questions from representatives on the House homeland security committee. This comes amid reports that Donald Trump and his administration is frustrated with Noem’s performance. We’ll bring you the latest lines as the hearing gets underway. Share

3h ago 14.55 GMT ‘Our heroes did not sign up for this’: Duckworth slams National guard deployments at Senate hearing Democratic senator Tammy Duckworth slammed the Trump administration’s deployment of national guard troops at a Senate armed services committee hearing today. The Illinois lawmaker, a veteran and former Army helicopter pilot, said that “thousands of troops are deployed across the country under false pretenses”. “Here in DC, the national guard has been performing missions that don’t help with their military training—like spreading mulch and picking up trash—but that, as we’ve sadly seen, nonetheless carry risk for our service members,” she added. The hearing comes after two members of the West Virginia national guard were shot in downtown DC just before Thanksgiving. One soldier, Sarah Beckstrom, was killed in the attack, while another, Andrew Wolfe, was severely injured and is recovering in hospital. “Enabling the president to send military troops into American cities under transparently flimsy pretext to meet his whims will have a dangerous and profoundly damaging impact on our military,” Duckworth said today. “Our heroes did not sign up for this.” Share

3h ago 14.16 GMT Senator Mark Warner of Virginia, the top Democrat on the Senate intelligence committee, questioned how the US was able to seize an oil tanker off the coast of Venezuela on Wednesday but “not a drug boat” – referring to the suspected drug-trafficking vessel that was the target of the 2 September double-tap strike. Warner has been part of the chorus of lawmakers who have called for the full, unedited video of the strike to be released. Share

4h ago 13.48 GMT Donald Trump is in Washington today. At 4:45pm ET he’ll take part in a signing ceremony in the Oval Office. That’s closed to the press, but we’ll let you know if that opens up. Then, he’ll deliver remarks at the Congressional ball this evening. Also today, we’ll hear from press secretary Karoline Leavitt. At 1pm ET, she’ll hold a White House briefing, and we’ll bring you the key lines. Share Updated at 13.49 GMT

4h ago 13.22 GMT Chris Stein Ahead of today’s vote on extending Obamacare premium tax credits, Senate Republican leaders have endorsed an alternative bill that would instead give enrollees of high-deductible plans, purchased through the ACA marketplace, payments of up to $1,500 into their health savings accounts. In the House, Republican speaker Mike Johnson has said he does not support extending the tax credits, but that his party plans to soon introduce their own proposals to make healthcare cheaper. Johnson’s opposition means that even if the Democratic gambit succeeds in the Senate, it is unlikely to be voted on in the House. Share Updated at 13.22 GMT

5h ago 13.04 GMT Trump lashes out against Indiana lawmakers ahead of redistricting vote The Indiana state senate is set to vote on Thursday on efforts to redraw the state’s congressional map ahead of the 2026 midterm elections, the latest state under pressure from the Trump administration to do so with the goal of gaining Republicans more seats in the US House of Representatives. While efforts in Texas led to the state drawing five additional red districts – which then led to California advancing a now-approved ballot measure to create five more Democrat-friendly districts – the White House pressure campaign hasn’t found willing participants in all GOP-held statehouses. Voters in Missouri are trying to stop their state’s gerrymander with a referendum and some Republican representatives in Kansas have been speaking against the efforts. Last month, Rodric Bray, the Indiana senate president pro tem, said that he and many others in his caucus did not believe that redistricting was the to gain control of the House. Donald Trump lashed out at Bray on Truth Social on Wednesday, accusing Bray of enjoying being “the only person in the United States of America who is against Republicans picking up extra seats”. The president said Bray was “either a bad guy, or a very stupid one”. “Anybody that votes against Redistricting, and the SUCCESS of the Republican Party in D.C., will be, I am sure, met with a MAGA Primary in the Spring,” Trump said. “If Republicans will not do what is necessary to save our Country, they will eventually lose everything to the Democrats.” He continiued: “Rod Bray and his friends won’t be in Politics for long, and I will do everything within my power to make sure that they will not hurt the Republican Party, and our Country, again.” Share

5h ago 13.03 GMT DNC launches ads in Republicans’ hometowns ahead of vote on Obamacare subsidies Chris Stein As the Senate votes today on a pair of bills to address the looming expiration of premium tax credits for Affordable Care Act health plans, the Democratic National Committee took out ads on the home town newspapers’ websites of Republicans senators who could be crucial to determining the vote. The subsidies were created under Joe Biden, and premiums for the more than 21.8m enrollees are expected to spike to potentially unaffordable levels if they are not renewed beyond their end-of-the-month expiration. Democrats have proposed a bill that would extend them through 2028, but will need to receive at least some Republican votes for it to succeed in the Senate. To pressure Maine senator Susan Collins, Ohio senators Jon Husted and Bernie Moreno, Texas senators Ted Cruz and John Cornyn and Alaska senators Dan Sullivan and Lisa Murkowski, the DNC has taken out ads in their local newspapers reading: “Republicans are doubling healthcare costs”, and encouraging readers to call their offices. DNC chair Ken Martin called the Senate vote, “the difference between life and death for many Americans.” “Working families are already struggling to afford the basics, and if they have to shell out hundreds of dollars more for their health care every month, they could be forced to choose between putting food on the table, paying their rent, or going uninsured,” he said. Share Updated at 13.05 GMT",[],success,html
The Guardian,Amanda Seyfried says she is not apologising for calling Charlie Kirk ‘hateful’ after his shooting,Andrew Pulver,https://www.theguardian.com/film/2025/dec/11/amanda-seyfried-says-she-is-not-apologising-for-calling-charlie-kirk-hateful-after-his-shooting,2025-12-11T00:00:00,[],"The Housemaid star Amanda Seyfried has said she is “not fucking apologising” for describing Charlie Kirk as “hateful” after the latter was shot dead in September.

Seyfried was speaking to Who What We",c2b657cbb67d1b26076e6c30b91f32042f167c676f56233b8bccd00e203d2163,"The Housemaid star Amanda Seyfried has said she is “not fucking apologising” for describing Charlie Kirk as “hateful” after the latter was shot dead in September.

Seyfried was speaking to Who What Wear when she was asked about her social media activity, including the backlash around her Kirk comment. “I’m not fucking apologising for that. I mean, for fuck’s sake, I commented on one thing. I said something that was based on actual reality and actual footage and actual quotes. What I said was pretty damn factual, and I’m free to have an opinion, of course.”

Seyfried’s original comment, “He was hateful”, was posted in response to an Instagram Reel which compiled a set of Kirk’s most controversial quotes, and sparked much criticism. She subsequently posted a separate statement on Instagram on 17 September saying: “I can get angry about misogyny and racist rhetoric and ALSO very much agree that Charlie Kirk’s murder was absolutely disturbing and deplorable in every way imaginable. No one should have to experience this level of violence. This country is grieving too many senseless and violent deaths and shootings. Can we agree on that at least?”

In her Who What Wear interview, Seyfried said she appreciated being able to use social media, adding: “Thank God for Instagram. I was able to give some clarity, and it was about getting my voice back because I felt like it had been stolen and recontextualised – which is what people do, of course.”",[],success,html
The Guardian,Wind gusts hamper firefighters as two bushfires force evacuations in Perth,Unknown,https://www.theguardian.com/australia-news/2025/dec/11/residents-in-several-perth-suburbs-evacuate-amid-bushfire-posing-threat-to-lives-and-homes,2025-12-11T00:00:00,[],"Gusty winds have hampered the efforts of firefighters to contain two bushfires that have threatened residents and homes in Perth.

Emergency warnings were issued on Thursday for blazes in Perth’s sout",431873c2a9ee52fb8b5775fbf37c187d7c0e897084c7b06c72a633eb7da6971d,"Gusty winds have hampered the efforts of firefighters to contain two bushfires that have threatened residents and homes in Perth.

Emergency warnings were issued on Thursday for blazes in Perth’s south and north-east, which were downgraded to watch and act in the evening after authorities earlier urged residents in multiple suburbs to leave if they could do so.

Conditions were “really difficult”, said Danny Monsconi, assistant commissioner at the WA Department of Fire and Emergency Services.

“We’ve got wind speeds of around 20km/h, but they’re gusting up to 50km/h,” he told ABC Radio on Thursday afternoon.

“So pretty challenging.”

There had been no confirmed reports of damaged or destroyed properties, Monsconi said.

Residents had earlier been warned to leave and several roads had closed.

An emergency warning was issued on Thursday in parts of Kenwick, Wattle Grove, Maddington and Beckenham in Perth’s south-east.

“You are in danger and need to act immediately to survive,” the WA Department of Fire and Emergency Services said in an alert on Thursday.

“There is a threat to lives and homes.”

Allow Facebook content? This article includes content provided by Facebook . We ask for your permission before anything is loaded, as they may be using cookies and other technologies. To view this content, click 'Allow and continue'. Allow and continue

Homes in Bickley Road and Boundary Road were under threat from the fire.

“If it is safe to do so, leave in an southerly direction towards Albany Highway.”

The Department of Communities set up an evacuation centre at Maddington community centre.

A Department of Fire and Emergency Services (DFES) spokesman said some “outside structures” may have been lost. The department confirmed firefighters had set up a barrier around East Kenwick primary school, with a pickup point for parents.

ABC reported that Rehoboth Christian College was evacuated, with the fire burning in the adjacent Kenwick wetlands. TV footage from the scene shows several homes in a semi-rural area near the blaze, which is partly burning in a wetlands nature reserve.

People in the warning area were told to leave in a southerly direction if it was safe to do so.

Allow Facebook content? This article includes content provided by Facebook . We ask for your permission before anything is loaded, as they may be using cookies and other technologies. To view this content, click 'Allow and continue'. Allow and continue

A second emergency warning was issued for another blaze in Perth’s north-east for people in Bullsbrook and Upper Swan. The bushfire is burning near Walyunga national park and is not contained or controlled.

Residents in the area have been told to leave the area if the way is clear.

Perth’s temperature reached 30C by midday on Thursday, with warnings of high fire danger for the metro centre.",[],success,html
The Guardian,"Silent Night, Deadly Night review – killer Santa remake is overstuffed",Benjamin Lee,https://www.theguardian.com/film/2025/dec/11/silent-night-deadly-night-movie-review,2025-12-11T00:00:00,[],"There was a bizarre moral outrage back in November 1984 when seasonal slasher Silent Night, Deadly Night dared to put an axe in the hands of Santa. Despite being, you know, not a real person he was on",0113545ad256404d58bbe53a2d45218acc614a37e16481b6fc76dad96a634d55,"There was a bizarre moral outrage back in November 1984 when seasonal slasher Silent Night, Deadly Night dared to put an axe in the hands of Santa. Despite being, you know, not a real person he was once treated with enough reverence to cause parent-led protests, a ban of all advertising and then of the film itself. It provided a sharp edge to an otherwise blunt and unremarkable post-Halloween knockoff and might help to explain why it managed to eke out four junky sequels and a 2012 remake.

We’re now at the inevitable second remake stage but the 2025 redo arrives after the gimmick of Killer Santa has now become a subgenre in itself. He’s cropped up in Christmas Bloody Christmas, Christmas Evil, Santa’s Slay, Rare Exports: A Christmas Tale, Deadly Games and last year’s Terrifier 3 and the makers of this December’s take are more than aware that seeing Santa with a weapon isn’t enough to shock today’s horror fans.

The lengths to which writer-director Mike P Nelson then goes to in order to refresh and reinvigorate the formula can, in brief moments, be something to respect, a film-maker unwilling to churn out yet another slice-and-dice rehash (he previously tried to approach his Wrong Turn remake with a similar ambition). But there’s almost too much on his mind here, at least for one film to tackle, and so a straightforward slasher soon becomes a vaguely political, sometimes supernatural and strangely sentimental cross between TV shows like Dexter and You and films like Venom, Mr Brooks and Bill Paxton’s lesser-known 2001 effort Frailty, a Christmas cocktail that could have done with fewer ingredients.

One thing the film does stick with is the protagonist, poor little Billy Chapman, understandably traumatised at a young age after seeing his parents get brutally murdered by a criminal dressed as Santa. This time he’s played by Rohan Campbell, an actor best known for his role in another misbegotten franchise rejigger Halloween Ends, and this time, we’re made to feel even sorrier for him. While yes, once again his adult response to his childhood trauma is murdering people while also dressed as Santa (not good!), his methods and motivation are a bit more – or one might say too – complicated. Every Christmas, Billy has an Advent calendar that demands a new kill every day, insisted upon by a gravelly voice in his head who acts as a supporting character throughout. After he’s drawn to a new town, he becomes fixated on a local woman who seems to share his propensity for violence, while also finding out about an unsolved mystery involving a spate of child disappearances. Oh, and there is also a local Nazi cult to deal with …

While Nelson’s desire to keep remixing the formula does keep those of us familiar with the original guessing, it often feels like change for the sake of change, aimed at surprising a niche audience who actually remember a deeply forgettable film. Those who arrive fresh to it will probably find his ideas a little too regifted to impress all that much. What might have seemed edgy a couple of decades ago (what if a fucked-up killer finds someone who is also fucked up?) has now become the familiar stuff of a cable series and Nelson just can’t seem to decide how seriously we’re supposed to be taking any of this. He is either desperately trying to satiate the bloodthirsty Midnight Movie crowd with mushy gore, mass-slaughtering Nazis or pulverising heads, or he’s trying to add pathos to a character who really doesn’t deserve it, climaxing with an oddly pitched finale aimed less at making us vomit and more at making us cry. What none of the tonal shifts and story tweaks can do is distract us from his boringly flat direction, failing to justify why something so drab and cheap-looking would warrant the surprisingly wide theatrical release it’s receiving this weekend.

Since the film it’s based on wasn’t all that good to begin with, there is nothing sacrilegious about yet another remake but there’s also no real point to it either. No one will be compelled to protest this time – they will be too indifferent to care.",[],success,html
The Guardian,"By the numbers: the latest ICE and CBP data on arrests, detentions and deportations in the US",Will Craft,https://www.theguardian.com/us-news/ng-interactive/2025/aug/29/trump-immigration-ice-cbp-data,2025-08-29T00:00:00,[],"Loading data

Donald Trump campaigned on a platform of mass deportation. Since he took office, his administration has reshaped immigration enforcement across the country. The Guardian US, using data p",d8f75a9b99b3703dfa4a0eedb8e357f959746ca2bb930ccd39dd51371f476569,"Loading data

Donald Trump campaigned on a platform of mass deportation. Since he took office, his administration has reshaped immigration enforcement across the country. The Guardian US, using data published every two weeks by US Immigration and Customs Enforcement (ICE), is tracking the number of people the administration has arrested, detained and deported.

Loading data

Notes on the data

ICE publishes detention statistics for the current fiscal year every two weeks. The Guardian US has been archiving each release of detention management statistics since January 2025 and received older releases from the Vera Institute for Justice. We calculated the number of people arrested, detained and deported during each reporting period by scraping data from each release and comparing the totals with previous releases.

The data for ICE arrests comes from the ICE Initial Book-Ins by Arresting Agency and Month: FY2025 table. Arrest figures may be an undercount because ICE reports only arrests that result in someone entering ICE detention.

Detention totals come from the ICE Currently Detained by Criminality and Arresting Agency: FY2025 table. Deportations come from the ICE Removals: FY2025 table.

The Guardian US did not visualize the first data release of FY2025. The first release of each year includes carryover data from the previous fiscal year and includes more than two weeks of arrests and deportations.",[],success,html
MIT Technology Review,"The Download: solar geoengineering’s future, and OpenAI is being sued",Rhiannon Williams,https://www.technologyreview.com/2025/12/11/1129288/the-download-solar-geoengineerings-future-and-openai-is-being-sued/,2025-12-11T00:00:00,[],"1 OpenAI is being sued for wrongful death

By the estate of a woman killed by her son after he engaged in delusion-filled conversations with ChatGPT. (WSJ $)

+ The chatbot appeared to validate Stein-",229f60a2e30646cf82fa9eaaea69b1133628528dd4e8b2e02f41f3db69b4451a,"1 OpenAI is being sued for wrongful death

By the estate of a woman killed by her son after he engaged in delusion-filled conversations with ChatGPT. (WSJ $)

+ The chatbot appeared to validate Stein-Erik Soelberg’s conspiratorial ideas. (WP $)

+ It’s the latest in a string of wrongful death legal actions filed against chatbot makers. (ABC News)



2 ICE is tracking pregnant immigrants through specifically-developed smartwatches

They’re unable to take the devices off, even during labor. (The Guardian)

+ Pregnant and postpartum women say they’ve been detained in solitary confinement. (Slate $)

+ Another effort to track ICE raids has been taken offline. (MIT Technology Review)



3 Meta’s new AI hires aren’t making friends with the rest of the company

Tensions are rife between the AGI team and other divisions. (NYT $)

+ Mark Zuckerberg is keen to make money off the company’s AI ambitions. (Bloomberg $)

+ Meanwhile, what’s life like for the remaining Scale AI team? (Insider $)

4 Google DeepMind is building its first materials science lab in the UK

It’ll focus on developing new materials to build superconductors and solar cells. (FT $)

5 The new space race is to build orbital data centers

And Blue Origin is winning, apparently. (WSJ $)

+ Plenty of companies are jostling for their slice of the pie. (The Verge)

+ Should we be moving data centers to space? (MIT Technology Review)



6 Inside the quest to find out what causes Parkinson’s

A growing body of work suggests it may not be purely genetic after all. (Wired $)

7 Are you in TikTok’s cat niche?

If so, you’re likely to be in these other niches too. (WP $)



8 Why do our brains get tired? 🧠💤

Researchers are trying to get to the bottom of it. (Nature $)

9 Microsoft’s boss has built his own cricket app 🏏

Satya Nadella can’t get enough of the sound of leather on willow. (Bloomberg $)

10 How much vibe coding is too much vibe coding?

One journalist’s journey into the heart of darkness. (Rest of World)

+ What is vibe coding, exactly? (MIT Technology Review)

Quote of the day",[],success,html
MIT Technology Review,Solar geoengineering startups are getting serious,Casey Crownhart,https://www.technologyreview.com/2025/12/11/1129239/solar-geoengineering-startups-are-getting-serious/,2025-12-11T00:00:00,[],"So far, the field has been limited to debates, proposed academic research, and—sure—a few fringe actors to keep an eye on. Now things are getting more serious. What does it mean for geoengineering, an",ef8f15412bff431a6502d6e4dbebfbf8d54366d4fb181f29c0e23b8c2f77aaa8,"So far, the field has been limited to debates, proposed academic research, and—sure—a few fringe actors to keep an eye on. Now things are getting more serious. What does it mean for geoengineering, and for the climate?

Researchers have considered the possibility of addressing planetary warming this way for decades. We already know that volcanic eruptions, which spew sulfur dioxide into the atmosphere, can reduce temperatures. The thought is that we could mimic that natural process by spraying particles up there ourselves.

The prospect is a controversial one, to put it lightly. Many have concerns about unintended consequences and uneven benefits. Even public research led by top institutions has faced barriers—one famous Harvard research program was officially canceled last year after years of debate.

One of the difficulties of geoengineering is that in theory a single entity, like a startup company, could make decisions that have a widespread effect on the planet. And in the last few years, we’ve seen more interest in geoengineering from the private sector.

Three years ago, James broke the story that Make Sunsets, a California-based company, was already releasing particles into the atmosphere in an effort to tweak the climate.

The company’s CEO Luke Iseman went to Baja California in Mexico, stuck some sulfur dioxide into a weather balloon, and sent it skyward. The amount of material was tiny, and it’s not clear that it even made it into the right part of the atmosphere to reflect any sunlight.

But fears that this group or others could go rogue and do their own geoengineering led to widespread backlash. Mexico announced plans to restrict geoengineering experiments in the country a few weeks after that news broke.

You can still buy cooling credits from Make Sunsets, and the company was just granted a patent for its system. But the startup is seen as something of a fringe actor.",[],success,html
MIT Technology Review,Exclusive eBook: Aging Clocks & Understanding Why We Age,Mit Technology Review,https://www.technologyreview.com/2025/12/10/1128999/exclusive-ebook-aging-clocks-understanding-why-we-age/,2025-12-10T00:00:00,[],"Thank you for submitting your email!

It looks like something went wrong.

We’re having trouble saving your preferences. Try refreshing this page and updating them one more time. If you continue to ge",f6dfb58c01de5ab9284566c033005d150c12c2c6d7261fe0324f9d8dcd94b87b,"Thank you for submitting your email!

It looks like something went wrong.

We’re having trouble saving your preferences. Try refreshing this page and updating them one more time. If you continue to get this message, reach out to us at customer-service@technologyreview.com with a list of newsletters you’d like to receive.",[],success,html
MIT Technology Review,"The Download: a controversial proposal to solve climate change, and our future grids",Charlotte Jee,https://www.technologyreview.com/2025/12/10/1129186/the-download-a-controversial-proposal-to-solve-climate-change-and-our-future-grids/,2025-12-10T00:00:00,[],"The must-reads

I’ve combed the internet to find you today’s most fun/important/scary/fascinating stories about technology.

1 Australia’s social media ban for teens has just come into force

The whol",51fcdcf0a8262e3e2e20cde0c8aab4872534e5054ad2ff8196954c2b8e160341,"The must-reads

I’ve combed the internet to find you today’s most fun/important/scary/fascinating stories about technology.

1 Australia’s social media ban for teens has just come into force

The whole world will be watching to see what happens next. (The Guardian)

+ Opinions about the law are sharply divided among Australians. (BBC)

+ Plenty of teens hate it, naturally. (WP $)

+ A third of US teens are on their phones “almost constantly.” (NYT $)



2 This has been the second-hottest year since records began

Mean temperatures approached 1.5°C above the preindustrial average. (New Scientist $)

+ Meanwhile world leaders at this year’s UN climate talks couldn’t even agree to use the phrase ‘fossil fuels’ in the final draft. (MIT Technology Review)



3 OpenAI is in trouble

It’s rapidly losing its technological edge to competitors like Google and Anthropic. (The Atlantic $)

+ Silicon Valley is working harder than ever to sell AI to us. (Wired $)

+ There’s a new industry-wide push to agree shared standards for AI agents. (TechCrunch)

+ No one can explain how AI really works—not even the experts attending AI’s biggest research gathering. (NBC)



4 MAGA influencers want Trump to kill the Netflix/Warner Bros deal

They argue Netflix is simply too woke (after all, it employs the Obamas.) (WP $)



5 AI slop videos have taken over social media

It’s now almost impossible to tell if what you’re seeing is real or not. (NYT $)



6 Trump’s system to weed out noncitizen voters is flagging US citizens

Once alerted, people have 30 days to provide proof of citizenship before they lose their ability to vote. (NPR)

+ The US is planning to ask visitors to disclose five years of social media history. (WP $)

+ How open source voting machines could boost trust in US elections. (MIT Technology Review)



7 Virtual power plants are having a moment

Here’s why they’re poised to play a significant role in meeting energy demand over the next decade. (IEEE Spectrum)

+ How virtual power plants are shaping tomorrow’s energy system. (MIT Technology Review)



8 New devices are about to get (even) more expensive

You can thank AI for pushing up the price of RAM for the rest of us. (The Verge)



9 People hated the McDonald’s AI ad so much the company pulled it

How are giant corporations still falling into this exact trap every holiday season? (Forbes)

10 Why is ice slippery? There’s a new hypothesis 🧊

You might think you know. But it’s still fiercely debated among ice researchers! (Quanta $)

Quote of the day

""We're pleased to be the first, we're proud to be the first, and we stand ready to help any other jurisdiction who seeks to do these things.”",[],success,html
MIT Technology Review,Securing VMware workloads in regulated industries,Mit Technology Review Insights,https://www.technologyreview.com/2025/12/10/1128475/securing-vmware-workloads-in-regulated-industries/,2025-12-10T00:00:00,[],"Organizations subject to such oversight walk a fine line every day. And recently, a number of curveballs have thrown off that hard-won equilibrium. Agencies are ramping up oversight thanks to escalati",331fcec62c53d34c851bfef94b97ed877ba0ff6a24630e3b40e8970df8e0ef73,"Organizations subject to such oversight walk a fine line every day. And recently, a number of curveballs have thrown off that hard-won equilibrium. Agencies are ramping up oversight thanks to escalating data privacy concerns; insurers are tightening underwriting and requiring controls like MFA and privileged-access governance as a condition of coverage. Meanwhile, the shifting VMware landscape has introduced more complexity for IT teams tasked with planning long-term infrastructure strategies.

Download the full article

This content was produced by Insights, the custom content arm of MIT Technology Review. It was not written by MIT Technology Review’s editorial staff.

This content was researched, designed, and written by human writers, editors, analysts, and illustrators. This includes the writing of surveys and collection of data for surveys. AI tools that may have been used were limited to secondary production processes that passed thorough human review.",[],success,html
